photos_id, listing_id, thumbnail_url, image_url, photo_description, room 
1, 1, https://sdc-thumbnail-photos.s3.amazonaws.com/thumbnailPhotos/image460.jpg, https://sdc-large-photos.s3.amazonaws.com/largePhotos/image460.jpg, Nostrum cupiditate rerum deserunt ipsum quia exercitationem., Exterior
2, 1, https://sdc-thumbnail-photos.s3.amazonaws.com/thumbnailPhotos/image789.jpg, https://sdc-large-photos.s3.amazonaws.com/largePhotos/image789.jpg, Quo corporis ea., Dining room
3, 1, https://sdc-thumbnail-photos.s3.amazonaws.com/thumbnailPhotos/image672.jpg, https://sdc-large-photos.s3.amazonaws.com/largePhotos/image672.jpg, Dolores nulla voluptatem tempore autem., Bedroom Area
4, 1, https://sdc-thumbnail-photos.s3.amazonaws.com/thumbnailPhotos/image681.jpg, https://sdc-large-photos.s3.amazonaws.com/largePhotos/image681.jpg, Sunt quam eos nobis eaque dolorum maxime quia., Full kitchen
5, 1, https://sdc-thumbnail-photos.s3.amazonaws.com/thumbnailPhotos/image314.jpg, https://sdc-large-photos.s3.amazonaws.com/largePhotos/image314.jpg, Suscipit voluptatem qui., Exterior
6, 1, https://sdc-thumbnail-photos.s3.amazonaws.com/thumbnailPhotos/image902.jpg, https://sdc-large-photos.s3.amazonaws.com/largePhotos/image902.jpg, Sed dolorem optio quia nostrum sit deleniti qui., Dining room
7, 1, https://sdc-thumbnail-photos.s3.amazonaws.com/thumbnailPhotos/image601.jpg, https://sdc-large-photos.s3.amazonaws.com/largePhotos/image601.jpg, Sunt sit maxime nostrum ullam est., Entry
8, 1, https://sdc-thumbnail-photos.s3.amazonaws.com/thumbnailPhotos/image230.jpg, https://sdc-large-photos.s3.amazonaws.com/largePhotos/image230.jpg, Natus deserunt mollitia cupiditate quis tenetur., Entry
9, 1, https://sdc-thumbnail-photos.s3.amazonaws.com/thumbnailPhotos/image975.jpg, https://sdc-large-photos.s3.amazonaws.com/largePhotos/image975.jpg, Veniam ex eveniet enim., Bedroom Area
10, 2, https://sdc-thumbnail-photos.s3.amazonaws.com/thumbnailPhotos/image149.jpg, https://sdc-large-photos.s3.amazonaws.com/largePhotos/image149.jpg, Voluptatibus tempore vel., Dining room
11, 2, https://sdc-thumbnail-photos.s3.amazonaws.com/thumbnailPhotos/image376.jpg, https://sdc-large-photos.s3.amazonaws.com/largePhotos/image376.jpg, Ad illum voluptas., Full bathroom
12, 2, https://sdc-thumbnail-photos.s3.amazonaws.com/thumbnailPhotos/image991.jpg, https://sdc-large-photos.s3.amazonaws.com/largePhotos/image991.jpg, Quae facere aut qui., Bedroom Area
13, 2, https://sdc-thumbnail-photos.s3.amazonaws.com/thumbnailPhotos/image250.jpg, https://sdc-large-photos.s3.amazonaws.com/largePhotos/image250.jpg, Aut vitae eius esse velit quia eaque odio nesciunt., Full kitchen
14, 2, https://sdc-thumbnail-photos.s3.amazonaws.com/thumbnailPhotos/image369.jpg, https://sdc-large-photos.s3.amazonaws.com/largePhotos/image369.jpg, Expedita alias qui consequatur., Full bathroom
15, 2, https://sdc-thumbnail-photos.s3.amazonaws.com/thumbnailPhotos/image366.jpg, https://sdc-large-photos.s3.amazonaws.com/largePhotos/image366.jpg, Nihil minima commodi., Dining room
16, 2, https://sdc-thumbnail-photos.s3.amazonaws.com/thumbnailPhotos/image934.jpg, https://sdc-large-photos.s3.amazonaws.com/largePhotos/image934.jpg, Voluptatem nemo voluptatum est et vel modi libero., Bedroom Area
17, 2, https://sdc-thumbnail-photos.s3.amazonaws.com/thumbnailPhotos/image739.jpg, https://sdc-large-photos.s3.amazonaws.com/largePhotos/image739.jpg, Magni consequatur iusto est ut ipsa et hic voluptatem., Bedroom Area
18, 2, https://sdc-thumbnail-photos.s3.amazonaws.com/thumbnailPhotos/image158.jpg, https://sdc-large-photos.s3.amazonaws.com/largePhotos/image158.jpg, Veniam eius mollitia quia mollitia facere magnam voluptatum odit., Dining room
19, 3, https://sdc-thumbnail-photos.s3.amazonaws.com/thumbnailPhotos/image807.jpg, https://sdc-large-photos.s3.amazonaws.com/largePhotos/image807.jpg, Ut porro itaque ut ut adipisci., Dining room
20, 3, https://sdc-thumbnail-photos.s3.amazonaws.com/thumbnailPhotos/image156.jpg, https://sdc-large-photos.s3.amazonaws.com/largePhotos/image156.jpg, Modi sit labore quia rerum quae nihil dolor., Living area
21, 3, https://sdc-thumbnail-photos.s3.amazonaws.com/thumbnailPhotos/image942.jpg, https://sdc-large-photos.s3.amazonaws.com/largePhotos/image942.jpg, Ut hic odit et temporibus consectetur., Living area
22, 3, https://sdc-thumbnail-photos.s3.amazonaws.com/thumbnailPhotos/image485.jpg, https://sdc-large-photos.s3.amazonaws.com/largePhotos/image485.jpg, Nobis aut aut dolorem delectus quo et., Living area
23, 3, https://sdc-thumbnail-photos.s3.amazonaws.com/thumbnailPhotos/image880.jpg, https://sdc-large-photos.s3.amazonaws.com/largePhotos/image880.jpg, Neque expedita esse error nulla voluptatem enim., Bedroom Area
24, 3, https://sdc-thumbnail-photos.s3.amazonaws.com/thumbnailPhotos/image825.jpg, https://sdc-large-photos.s3.amazonaws.com/largePhotos/image825.jpg, Optio recusandae ea voluptas eum dolores dolorem tempore voluptas., Entry
25, 3, https://sdc-thumbnail-photos.s3.amazonaws.com/thumbnailPhotos/image162.jpg, https://sdc-large-photos.s3.amazonaws.com/largePhotos/image162.jpg, Odit vero placeat facilis nihil., Dining room
26, 3, https://sdc-thumbnail-photos.s3.amazonaws.com/thumbnailPhotos/image877.jpg, https://sdc-large-photos.s3.amazonaws.com/largePhotos/image877.jpg, Fugit enim quia amet et., Full kitchen
27, 3, https://sdc-thumbnail-photos.s3.amazonaws.com/thumbnailPhotos/image850.jpg, https://sdc-large-photos.s3.amazonaws.com/largePhotos/image850.jpg, Omnis labore blanditiis ullam., Exterior
28, 4, https://sdc-thumbnail-photos.s3.amazonaws.com/thumbnailPhotos/image834.jpg, https://sdc-large-photos.s3.amazonaws.com/largePhotos/image834.jpg, Ut incidunt aperiam sint vitae omnis totam ea., Bedroom Area
29, 4, https://sdc-thumbnail-photos.s3.amazonaws.com/thumbnailPhotos/image338.jpg, https://sdc-large-photos.s3.amazonaws.com/largePhotos/image338.jpg, Voluptatem non quasi magni., Full kitchen
30, 4, https://sdc-thumbnail-photos.s3.amazonaws.com/thumbnailPhotos/image1.jpg, https://sdc-large-photos.s3.amazonaws.com/largePhotos/image1.jpg, Laborum dolor voluptatem non., Full kitchen
31, 4, https://sdc-thumbnail-photos.s3.amazonaws.com/thumbnailPhotos/image2.jpg, https://sdc-large-photos.s3.amazonaws.com/largePhotos/image2.jpg, Aliquam laudantium numquam rem voluptate qui., Entry
32, 4, https://sdc-thumbnail-photos.s3.amazonaws.com/thumbnailPhotos/image948.jpg, https://sdc-large-photos.s3.amazonaws.com/largePhotos/image948.jpg, Dolores quae quia non., Full kitchen
33, 4, https://sdc-thumbnail-photos.s3.amazonaws.com/thumbnailPhotos/image749.jpg, https://sdc-large-photos.s3.amazonaws.com/largePhotos/image749.jpg, Minima aliquid quisquam commodi placeat id laudantium quam magnam nostrum., Living area
34, 4, https://sdc-thumbnail-photos.s3.amazonaws.com/thumbnailPhotos/image487.jpg, https://sdc-large-photos.s3.amazonaws.com/largePhotos/image487.jpg, Sit sint maxime fugiat., Full bathroom
35, 4, https://sdc-thumbnail-photos.s3.amazonaws.com/thumbnailPhotos/image910.jpg, https://sdc-large-photos.s3.amazonaws.com/largePhotos/image910.jpg, Voluptatem in odit architecto laudantium., Full kitchen
36, 4, https://sdc-thumbnail-photos.s3.amazonaws.com/thumbnailPhotos/image396.jpg, https://sdc-large-photos.s3.amazonaws.com/largePhotos/image396.jpg, Sapiente nesciunt voluptatem suscipit eum voluptates atque quis rerum qui., Bedroom Area
37, 5, https://sdc-thumbnail-photos.s3.amazonaws.com/thumbnailPhotos/image507.jpg, https://sdc-large-photos.s3.amazonaws.com/largePhotos/image507.jpg, Consequatur neque ipsum nihil sint natus., Entry
38, 5, https://sdc-thumbnail-photos.s3.amazonaws.com/thumbnailPhotos/image813.jpg, https://sdc-large-photos.s3.amazonaws.com/largePhotos/image813.jpg, Aut consequatur iure vel nihil veniam est accusantium., Entry
39, 5, https://sdc-thumbnail-photos.s3.amazonaws.com/thumbnailPhotos/image737.jpg, https://sdc-large-photos.s3.amazonaws.com/largePhotos/image737.jpg, Aut quasi dolor suscipit sunt., Bedroom Area
40, 5, https://sdc-thumbnail-photos.s3.amazonaws.com/thumbnailPhotos/image941.jpg, https://sdc-large-photos.s3.amazonaws.com/largePhotos/image941.jpg, Voluptatem ut voluptas voluptatem a totam libero mollitia iusto itaque., Exterior
41, 5, https://sdc-thumbnail-photos.s3.amazonaws.com/thumbnailPhotos/image253.jpg, https://sdc-large-photos.s3.amazonaws.com/largePhotos/image253.jpg, Dignissimos quo ut id., Full kitchen
42, 5, https://sdc-thumbnail-photos.s3.amazonaws.com/thumbnailPhotos/image927.jpg, https://sdc-large-photos.s3.amazonaws.com/largePhotos/image927.jpg, Placeat culpa nam voluptatem voluptas., Dining room
43, 5, https://sdc-thumbnail-photos.s3.amazonaws.com/thumbnailPhotos/image448.jpg, https://sdc-large-photos.s3.amazonaws.com/largePhotos/image448.jpg, Facilis similique ut quidem quasi amet., Dining room
44, 5, https://sdc-thumbnail-photos.s3.amazonaws.com/thumbnailPhotos/image29.jpg, https://sdc-large-photos.s3.amazonaws.com/largePhotos/image29.jpg, Neque aut reprehenderit et neque quaerat voluptatem cumque aut doloribus., Bedroom Area
45, 5, https://sdc-thumbnail-photos.s3.amazonaws.com/thumbnailPhotos/image204.jpg, https://sdc-large-photos.s3.amazonaws.com/largePhotos/image204.jpg, In ipsam quos minima recusandae rerum commodi., Bedroom Area
46, 6, https://sdc-thumbnail-photos.s3.amazonaws.com/thumbnailPhotos/image259.jpg, https://sdc-large-photos.s3.amazonaws.com/largePhotos/image259.jpg, Eaque non sapiente tenetur rerum ea consequuntur quod., Bedroom Area
47, 6, https://sdc-thumbnail-photos.s3.amazonaws.com/thumbnailPhotos/image417.jpg, https://sdc-large-photos.s3.amazonaws.com/largePhotos/image417.jpg, Eum perspiciatis fugit est suscipit impedit eum et., Bedroom Area
48, 6, https://sdc-thumbnail-photos.s3.amazonaws.com/thumbnailPhotos/image258.jpg, https://sdc-large-photos.s3.amazonaws.com/largePhotos/image258.jpg, Inventore occaecati ut deserunt in dolor provident ut., Full kitchen
49, 6, https://sdc-thumbnail-photos.s3.amazonaws.com/thumbnailPhotos/image719.jpg, https://sdc-large-photos.s3.amazonaws.com/largePhotos/image719.jpg, Inventore et autem velit et non aut., Full kitchen
50, 6, https://sdc-thumbnail-photos.s3.amazonaws.com/thumbnailPhotos/image41.jpg, https://sdc-large-photos.s3.amazonaws.com/largePhotos/image41.jpg, Sed voluptatibus numquam facere aut consequatur., Exterior
51, 6, https://sdc-thumbnail-photos.s3.amazonaws.com/thumbnailPhotos/image152.jpg, https://sdc-large-photos.s3.amazonaws.com/largePhotos/image152.jpg, Et sed modi eos deserunt quos., Entry
52, 6, https://sdc-thumbnail-photos.s3.amazonaws.com/thumbnailPhotos/image167.jpg, https://sdc-large-photos.s3.amazonaws.com/largePhotos/image167.jpg, Optio aperiam eaque sit., Exterior
53, 6, https://sdc-thumbnail-photos.s3.amazonaws.com/thumbnailPhotos/image391.jpg, https://sdc-large-photos.s3.amazonaws.com/largePhotos/image391.jpg, Id odit qui., Bedroom Area
54, 6, https://sdc-thumbnail-photos.s3.amazonaws.com/thumbnailPhotos/image320.jpg, https://sdc-large-photos.s3.amazonaws.com/largePhotos/image320.jpg, Hic et asperiores qui., Bedroom Area
55, 7, https://sdc-thumbnail-photos.s3.amazonaws.com/thumbnailPhotos/image574.jpg, https://sdc-large-photos.s3.amazonaws.com/largePhotos/image574.jpg, Voluptas aut doloremque tempora at magni veritatis delectus veritatis expedita., Full kitchen
56, 7, https://sdc-thumbnail-photos.s3.amazonaws.com/thumbnailPhotos/image372.jpg, https://sdc-large-photos.s3.amazonaws.com/largePhotos/image372.jpg, Aut rerum maiores aut enim corrupti autem., Bedroom Area
57, 7, https://sdc-thumbnail-photos.s3.amazonaws.com/thumbnailPhotos/image901.jpg, https://sdc-large-photos.s3.amazonaws.com/largePhotos/image901.jpg, Quos id officiis rerum commodi corporis qui., Exterior
58, 7, https://sdc-thumbnail-photos.s3.amazonaws.com/thumbnailPhotos/image790.jpg, https://sdc-large-photos.s3.amazonaws.com/largePhotos/image790.jpg, Eum qui enim fugit soluta., Full bathroom
59, 7, https://sdc-thumbnail-photos.s3.amazonaws.com/thumbnailPhotos/image544.jpg, https://sdc-large-photos.s3.amazonaws.com/largePhotos/image544.jpg, Et et repudiandae at fugiat voluptas molestiae sed., Dining room
60, 7, https://sdc-thumbnail-photos.s3.amazonaws.com/thumbnailPhotos/image754.jpg, https://sdc-large-photos.s3.amazonaws.com/largePhotos/image754.jpg, Quia atque voluptatum sed pariatur qui aut voluptatem sit aperiam., Full bathroom
61, 7, https://sdc-thumbnail-photos.s3.amazonaws.com/thumbnailPhotos/image646.jpg, https://sdc-large-photos.s3.amazonaws.com/largePhotos/image646.jpg, Consectetur possimus laborum earum quaerat molestias quas excepturi nobis consequatur., Full bathroom
62, 7, https://sdc-thumbnail-photos.s3.amazonaws.com/thumbnailPhotos/image570.jpg, https://sdc-large-photos.s3.amazonaws.com/largePhotos/image570.jpg, Aut quam et facilis modi tempore quo labore autem maxime., Full bathroom
63, 7, https://sdc-thumbnail-photos.s3.amazonaws.com/thumbnailPhotos/image497.jpg, https://sdc-large-photos.s3.amazonaws.com/largePhotos/image497.jpg, Nemo explicabo culpa omnis laboriosam aut ea., Exterior
64, 8, https://sdc-thumbnail-photos.s3.amazonaws.com/thumbnailPhotos/image451.jpg, https://sdc-large-photos.s3.amazonaws.com/largePhotos/image451.jpg, Sequi sit error ut sunt ut voluptas., Dining room
65, 8, https://sdc-thumbnail-photos.s3.amazonaws.com/thumbnailPhotos/image134.jpg, https://sdc-large-photos.s3.amazonaws.com/largePhotos/image134.jpg, Tenetur illum velit molestiae dolorem provident atque dignissimos voluptatum cumque., Full bathroom
66, 8, https://sdc-thumbnail-photos.s3.amazonaws.com/thumbnailPhotos/image694.jpg, https://sdc-large-photos.s3.amazonaws.com/largePhotos/image694.jpg, Aliquid molestiae aliquam debitis dignissimos laudantium eaque aut., Exterior
67, 8, https://sdc-thumbnail-photos.s3.amazonaws.com/thumbnailPhotos/image603.jpg, https://sdc-large-photos.s3.amazonaws.com/largePhotos/image603.jpg, Aut quidem in repellendus natus eligendi ut., Exterior
68, 8, https://sdc-thumbnail-photos.s3.amazonaws.com/thumbnailPhotos/image339.jpg, https://sdc-large-photos.s3.amazonaws.com/largePhotos/image339.jpg, Repellendus eos nam eaque aut ex voluptatem nesciunt., Entry
69, 8, https://sdc-thumbnail-photos.s3.amazonaws.com/thumbnailPhotos/image183.jpg, https://sdc-large-photos.s3.amazonaws.com/largePhotos/image183.jpg, A et animi adipisci sed perspiciatis alias., Bedroom Area
70, 8, https://sdc-thumbnail-photos.s3.amazonaws.com/thumbnailPhotos/image711.jpg, https://sdc-large-photos.s3.amazonaws.com/largePhotos/image711.jpg, Debitis culpa cupiditate praesentium., Full kitchen
71, 8, https://sdc-thumbnail-photos.s3.amazonaws.com/thumbnailPhotos/image64.jpg, https://sdc-large-photos.s3.amazonaws.com/largePhotos/image64.jpg, Beatae numquam eveniet., Full bathroom
72, 8, https://sdc-thumbnail-photos.s3.amazonaws.com/thumbnailPhotos/image987.jpg, https://sdc-large-photos.s3.amazonaws.com/largePhotos/image987.jpg, Rerum est praesentium nihil at saepe ipsam., Dining room
73, 9, https://sdc-thumbnail-photos.s3.amazonaws.com/thumbnailPhotos/image342.jpg, https://sdc-large-photos.s3.amazonaws.com/largePhotos/image342.jpg, Amet vero tempore adipisci dolor sint inventore., Dining room
74, 9, https://sdc-thumbnail-photos.s3.amazonaws.com/thumbnailPhotos/image163.jpg, https://sdc-large-photos.s3.amazonaws.com/largePhotos/image163.jpg, Sequi et impedit voluptate., Entry
75, 9, https://sdc-thumbnail-photos.s3.amazonaws.com/thumbnailPhotos/image982.jpg, https://sdc-large-photos.s3.amazonaws.com/largePhotos/image982.jpg, Perferendis tempore eos vel ratione molestiae laborum ea., Bedroom Area
76, 9, https://sdc-thumbnail-photos.s3.amazonaws.com/thumbnailPhotos/image115.jpg, https://sdc-large-photos.s3.amazonaws.com/largePhotos/image115.jpg, Occaecati aut et odio., Full kitchen
77, 9, https://sdc-thumbnail-photos.s3.amazonaws.com/thumbnailPhotos/image514.jpg, https://sdc-large-photos.s3.amazonaws.com/largePhotos/image514.jpg, Nesciunt dolorem voluptas quis atque dolor., Full bathroom
78, 9, https://sdc-thumbnail-photos.s3.amazonaws.com/thumbnailPhotos/image512.jpg, https://sdc-large-photos.s3.amazonaws.com/largePhotos/image512.jpg, Non aspernatur doloribus ut et., Entry
79, 9, https://sdc-thumbnail-photos.s3.amazonaws.com/thumbnailPhotos/image724.jpg, https://sdc-large-photos.s3.amazonaws.com/largePhotos/image724.jpg, Dolor sapiente ipsum nulla rerum accusantium., Living area
80, 9, https://sdc-thumbnail-photos.s3.amazonaws.com/thumbnailPhotos/image12.jpg, https://sdc-large-photos.s3.amazonaws.com/largePhotos/image12.jpg, Recusandae ducimus in., Bedroom Area
81, 9, https://sdc-thumbnail-photos.s3.amazonaws.com/thumbnailPhotos/image128.jpg, https://sdc-large-photos.s3.amazonaws.com/largePhotos/image128.jpg, Placeat voluptatum officiis culpa qui laudantium soluta et., Living area
82, 10, https://sdc-thumbnail-photos.s3.amazonaws.com/thumbnailPhotos/image301.jpg, https://sdc-large-photos.s3.amazonaws.com/largePhotos/image301.jpg, Suscipit ea quo qui quos., Full kitchen
83, 10, https://sdc-thumbnail-photos.s3.amazonaws.com/thumbnailPhotos/image833.jpg, https://sdc-large-photos.s3.amazonaws.com/largePhotos/image833.jpg, Labore saepe sapiente., Dining room
84, 10, https://sdc-thumbnail-photos.s3.amazonaws.com/thumbnailPhotos/image765.jpg, https://sdc-large-photos.s3.amazonaws.com/largePhotos/image765.jpg, Quod molestias repudiandae et., Bedroom Area
85, 10, https://sdc-thumbnail-photos.s3.amazonaws.com/thumbnailPhotos/image750.jpg, https://sdc-large-photos.s3.amazonaws.com/largePhotos/image750.jpg, Aliquid ut officia corporis ab ut est., Full kitchen
86, 10, https://sdc-thumbnail-photos.s3.amazonaws.com/thumbnailPhotos/image74.jpg, https://sdc-large-photos.s3.amazonaws.com/largePhotos/image74.jpg, Autem blanditiis ducimus., Full bathroom
87, 10, https://sdc-thumbnail-photos.s3.amazonaws.com/thumbnailPhotos/image186.jpg, https://sdc-large-photos.s3.amazonaws.com/largePhotos/image186.jpg, Cumque sed minus velit voluptatem est., Living area
88, 10, https://sdc-thumbnail-photos.s3.amazonaws.com/thumbnailPhotos/image120.jpg, https://sdc-large-photos.s3.amazonaws.com/largePhotos/image120.jpg, Laboriosam architecto accusantium sed tenetur error., Living area
89, 10, https://sdc-thumbnail-photos.s3.amazonaws.com/thumbnailPhotos/image105.jpg, https://sdc-large-photos.s3.amazonaws.com/largePhotos/image105.jpg, Similique officia in odit., Entry
90, 10, https://sdc-thumbnail-photos.s3.amazonaws.com/thumbnailPhotos/image52.jpg, https://sdc-large-photos.s3.amazonaws.com/largePhotos/image52.jpg, Dolorem velit reiciendis omnis ad non delectus incidunt ut qui., Full kitchen
91, 11, https://sdc-thumbnail-photos.s3.amazonaws.com/thumbnailPhotos/image722.jpg, https://sdc-large-photos.s3.amazonaws.com/largePhotos/image722.jpg, Minima perspiciatis cum quia dignissimos optio animi rerum voluptate voluptate., Full bathroom
92, 11, https://sdc-thumbnail-photos.s3.amazonaws.com/thumbnailPhotos/image366.jpg, https://sdc-large-photos.s3.amazonaws.com/largePhotos/image366.jpg, Necessitatibus eaque corporis eum., Living area
93, 11, https://sdc-thumbnail-photos.s3.amazonaws.com/thumbnailPhotos/image788.jpg, https://sdc-large-photos.s3.amazonaws.com/largePhotos/image788.jpg, Tempora ullam quia recusandae aut aut., Exterior
94, 11, https://sdc-thumbnail-photos.s3.amazonaws.com/thumbnailPhotos/image701.jpg, https://sdc-large-photos.s3.amazonaws.com/largePhotos/image701.jpg, Numquam eos facere consequatur explicabo rerum aut et ut provident., Bedroom Area
95, 11, https://sdc-thumbnail-photos.s3.amazonaws.com/thumbnailPhotos/image645.jpg, https://sdc-large-photos.s3.amazonaws.com/largePhotos/image645.jpg, Alias et minima eum., Dining room
96, 11, https://sdc-thumbnail-photos.s3.amazonaws.com/thumbnailPhotos/image758.jpg, https://sdc-large-photos.s3.amazonaws.com/largePhotos/image758.jpg, Iste non excepturi odio soluta at quisquam qui ut., Bedroom Area
97, 11, https://sdc-thumbnail-photos.s3.amazonaws.com/thumbnailPhotos/image128.jpg, https://sdc-large-photos.s3.amazonaws.com/largePhotos/image128.jpg, Itaque sequi ut pariatur., Dining room
98, 11, https://sdc-thumbnail-photos.s3.amazonaws.com/thumbnailPhotos/image619.jpg, https://sdc-large-photos.s3.amazonaws.com/largePhotos/image619.jpg, Pariatur vel et sit ut id ab., Full kitchen
99, 11, https://sdc-thumbnail-photos.s3.amazonaws.com/thumbnailPhotos/image880.jpg, https://sdc-large-photos.s3.amazonaws.com/largePhotos/image880.jpg, Quibusdam quod voluptatem necessitatibus aut iure est., Dining room
100, 12, https://sdc-thumbnail-photos.s3.amazonaws.com/thumbnailPhotos/image500.jpg, https://sdc-large-photos.s3.amazonaws.com/largePhotos/image500.jpg, Aut sed cumque id quisquam impedit asperiores laboriosam., Full kitchen
